user_id,name,email,password_hash,base_currency
877,Timothy Reyes,sylviagriffith@example.org,6822af18e57696fbcb10a5cfb76803ac2ff11d52859d7c10f5765f22cdd919bc,USD
878,Jonathan Rodriguez,taylorrebekah@example.com,52557f21495bafec52b5c33467c381d151492df222730c5f32eaded53a1eccbe,USD
879,Tammy Monroe,christophermurphy@example.net,114a41349a99cbab03b01f7e9e23ff57ec8a69b5af423f97840edce20ff9f419,USD
880,Maria Thompson,lopezkathy@example.com,93020fff1c310c3e2b4a5ae8da484a2942cc203f722ba4afcd439e46444c72e3,USD
881,Megan Garza,wheelerjudith@example.net,fcc49b8f051ccebcc7760dfe03b0eb931fb707a603e59a23c1dc48652165e2c2,USD
882,James Bennett,william86@example.net,b6ed7f4d0535c7956d94f4263e327a0a6fbb2cc1b0009dd21ccd0b5338962724,USD
883,Lacey Jensen,qmccoy@example.org,1fa13299b4e9589855d01d8ad2812585eb90653b0a66f0f7c5a47b848a76d797,USD
884,Karen Johnson,greenthomas@example.org,4d20b68fca611a9731bef2ff5b5403e281e152038f23917da66a518efde5b5b8,USD
885,Diana Ramirez,christophergomez@example.net,e0d5892f2f776451d5889381a820d772150a46e4d2981ef050ada28939ba98b9,USD
886,Barry Arias,davidzhang@example.org,e80a2a603fe31c31f2cd18d6004559e26c20ecd7cd247498d615fca48fe07ea4,USD
887,Alyssa Diaz,zbaker@example.org,7029864ca6b57a73146c8ba53eb2a3b80888d43f4e3742ae150c4dc2ae6174bf,USD
888,John Carter,hlucero@example.net,0a5b2b824cca0e8e27289d06466d249f322fa9803d148ff0385a46e2cdb5793d,USD
889,Christopher Diaz,lford@example.net,d822dcf91bbebe1a63e18b0119841f0d5c67511b7eea76d851009bf1ff895d98,USD
890,Kathleen Cole,luisfrederick@example.com,ae24573c88f6780242880bded66cff432206e4dbc1d0c58b9af19947755a84ea,USD
891,Steven Pope,donald73@example.net,3f3385238341aa257851b894b9f6f73b253ecc31279140f4fcad96415b35a73f,USD
892,Barry Fowler,candace28@example.net,6227618c5079dde86ad6deb1bf16d905172cce02b0db6ffd9664eb68a2c9b7db,USD
893,Carol Chavez,stephensphilip@example.net,82d4743ef7478393dbf1afb9ceb0f1812b269e3f9084be0953abb298a0043ae5,USD
894,Kendra Ford,alexandriamathews@example.com,d83f0123d6f7df478a1914284050b0fbcf4d9b8ac0f36dd7c5a4543896b3e35d,USD
895,Joseph Oneill,gsanchez@example.com,665b28a9f33448702c6e972dcb669cf26b81198fdfcb0ff7f8f1f967b2a46182,USD
896,Michael Brown,swansonsamuel@example.net,4184d6dcd1064e428ec336cc7cd01311aa231f1f4f94037dc7ba0a1821bf5c02,USD
897,Scott Love,aliciahines@example.com,e15438d1230a79412e7265536d909c36d4a4b5bdfb2e0684a28bbec85c4f7a5f,USD
898,Anne Williams,agarcia@example.org,f77853268e24a3ce9a507a3b84bf596fc19251c6fceeb7da188e70d9c92825f8,USD
899,Brandi Petty,cibarra@example.org,7738340b9a8f650c9a45ec79721dca86462360cf3fb114c1be79983cf7a17a79,USD
900,Carol Figueroa,howardbarbara@example.com,be75689a90ef8a9263cdadd003d25d58ed5d89998d6e067a6bb3f4a41c3c0592,USD
901,Jordan Davis,vramos@example.com,270dae25e1c98f10bc77b478b7bd256766b43f086572f87e8ca86f4f839b4ff2,USD
902,Tina Thomas,coreyfitzgerald@example.com,ae312a173b8a59024007c6d6d7027ac5ec272f2a5a15cf1c702e7b5dd16f8973,USD
903,Erica Stone,parsonsalan@example.org,a0caf6952a7545c73a1fd4c4eb59282f2ad66ab4936fa14bfba83ce3ef128611,USD
904,Leah Moore,valenciajason@example.org,856b7add353ca1ffe3a199f53b14469b3f24be096e4d34e883e2a7e91553dad1,USD
905,Stephen Davis,vcunningham@example.net,f8a2206001677b804b4b081082a07e5afae579087bcf534b9f32e58915c8e362,USD
906,Vincent Cervantes,kimberlywhite@example.com,e9bf160940b04bd5fa62f44455f507b5ddcd7b23f7aea51245a62d9d4d8052c4,USD
907,Kim Turner,sarah62@example.org,d1f3690f66361cbd65809e51c77378431c3c3cd95d381081fb343636a6dd8f7f,USD
908,John Montes,christina35@example.com,2a65a66e780c4e68f4653b89c08f52c08a0a403f0b331972274ac3e8ab44a7a9,USD
909,Laura Swanson,russellmeza@example.net,92cad065935bdb30be5e4a3106c540efbf5918ab78d93b7aff9c0248f30cc4eb,USD
910,Elizabeth Porter,cynthiaweeks@example.org,283ceee45760845ea10850150c77b7f5a9704bb48a273d92aecea2328c1aeab3,USD
911,Nicole Wilkins,petersonfrancisco@example.net,99d88dce147e44031478f231722ca412906463df00a320bd4209262c3bd71c88,USD
912,William Richards,iramirez@example.net,70bff2cd2e36ed9c50eb1ff35a782a467be990ffbdae3d6d78ecd1fe0fc0ceec,USD
913,Brenda Horn,rramsey@example.org,9826947bf60366b076f5315f70986271d829f405aab6304b954532fd08256775,USD
914,Timothy Carter,john08@example.org,fae2e80f51b2f01ceba1afe6078cb122c833a1b643e210b1f722c7de614acb50,USD
915,Jason Parks,beth94@example.net,725ea8de73890e8fbd4dc0d1dc90bfcd8fd06dd3fde757691dbdb4d75e4e010b,USD
916,Miguel Anderson DVM,riverajason@example.net,fafbdd35c37fe37499a084fe2414ae13254f18e83357940d01d6255257c636a2,USD
917,Emily Hill,hray@example.com,28ee14432400d5d6d2075b8150ec9a7dcbeba952cdd9110416c050bc38d05ef9,USD
918,Anthony Little,karlmiller@example.com,1d286263540a92bf4e3e210f02ac01f9956edbf4ed954d2ccc2e9ac5e63c7c03,USD
919,Lisa Mcbride,enguyen@example.com,02338f23040bd2a0992473efb5ccc1ba6201ad64fdd149ff47073bc7c88f5577,USD
920,Anna Hahn,ashley58@example.net,3705a963a1297a6d1394f07198b31f69a00eb2cf670c4dd2fa53504ee4582258,USD
921,Kristin Hayes,william47@example.net,0592d2b99f9bf877a1622a991953ada82ca2cf44a9c03701c5b2b5701eb7baf8,USD
922,Brenda Fleming,vsolis@example.org,86e8ba9337e957cce33e77636e8030fdbf4955c6bd63992b7bb55cfe37399945,USD
923,Tommy James,andersondanielle@example.com,7f82e3084f2de8f8a4f30fe4cb83339bb505288cb23e952a35d5052df050117e,USD
924,Kimberly Clark,jenniferboyd@example.org,5537b73151078edd209284e28a4dfbd105a74a78ef5378f11c9fd6f8020667f5,USD
925,Nicholas Nelson,alexanderking@example.com,d0b6946548c654126797e68c4a45b00a3409867f1d5eef9fc8b9ee255341ce31,USD
926,Kenneth Oconnell,lindsaysmith@example.net,d62d76f2e85e8de7b7165e1d96c191cbac8f219abff91c8a609e510456f5994c,USD
927,Caitlyn Smith,jsingh@example.org,0ddf661493f5861a3c9cb3d71fc2d6848305c11b12c49b08e0cab6e092d2db8f,USD
928,Christopher Henderson,vdavis@example.com,b6b1d0343a752d74a6d85bf3c56446efc2efe70c72c5c8ed2947558c67404d1f,USD
929,Morgan Diaz,lindagonzales@example.net,0798f3a1d5ad4e59c0d22e47f3455d0dc50c85c079f5491a578ce6a4a1785120,USD
930,Nathan Blackburn,hernandezapril@example.org,3122269e912b6a303c81bcfa720f32f566f6a9579ebfa55d92a82a5a31780483,USD
931,Daniel Williams,ttaylor@example.org,64b1c0668b269ed58caf9ea7b1c152fbd626f8c775d4daf2b00cfaf38323ee51,USD
932,Christopher Robinson,earl89@example.com,70265ec9c7365b6a2098607bcad64665dd805b6484419bd927f23b0b4ce1488d,USD
933,Tina Rojas,ycook@example.org,620888607a9d8cc9571813566e171fa8a6cdfc1b3004e426307be7b37933603e,USD
934,Devin Davis,erin98@example.net,5481c62b8856c16c1c953d32ff2631e989f7b96ce97b9fb22983bbbf280441bf,USD
935,Paul Campbell,olsonvanessa@example.net,1a7d5483e78a43da9be11fc528cf9c663ce20a267ada427d98e3fc4c9b612663,USD
936,Richard Fields,marianewman@example.net,6328fddaa5b5829eede728805e419b84b31e11a4a8639291c7a985dec6cedf35,USD
937,Joy Jennings,fdavis@example.com,12d63821a18dc9545894e8e59716f74950bd9ad040e1af16892d8a1cbbf7400e,USD
938,Samantha Green,michael78@example.com,c30106b6310f638e2cd61dc67a6df5efbcf008a98308bfe52f6b4b7e36214557,USD
939,Matthew Macdonald,mary75@example.com,57ae075839c95fb178b54eeaf91df05aac6f139e974ba44eb5fed13c8cd99b04,USD
940,Jeremy Ho,bonillakatie@example.org,21dee83f4f6e57daf5c3946ba03342b3f6fd6a235ad651a0cd3997e2cb243d1a,USD
941,Jenna Johnson,mevans@example.org,2b4f8a731a0ba698e26575000ea958796c7979fb5826da88fe4e526ac7839603,USD
942,Alexander Davis,vanessa02@example.org,ee3673b4efea23c434a9507bf5dda7d95562b7ba023930570f17e6ff74e157a6,USD
943,Joe Price,gpeterson@example.com,7ff813de294b1db99ad79c0f24e6720380ec1105578e8fae45b68fc036043bbb,USD
944,Debra Pugh,rossjanet@example.net,0e732ff7cca6461916dae53bb0c9a0cebd2465e847cee7e5957b307ec65e1e04,USD
945,Jonathan Price,gvasquez@example.net,8ee210bdd112cb995141097a398ce2323c87f0529c9ade802f9c07a359cb94da,USD
946,Kristina Hansen DVM,kyle75@example.net,16666307a2ccd5766938e752c6badb9ba648cc975d88a4af23d4a5ef8e402fcf,USD
947,Jessica Gordon,phamcatherine@example.net,2e2432814c1cb73da49ffa67dc6919340defa3dccc86d4f1f08ba80d93c6bf30,USD
948,Andrea Wilson,brittany33@example.com,d28a80cde5fd5c92fe9ff4c082a8a2eb6d05b5a01dee0a6d884557db2e7398a8,USD
949,Katrina Edwards,armstrongangela@example.org,f3043f17cfd0b0f94cc671b776b24abb74adc6724e436a1e86c0678b8cc61b2a,USD
950,Jennifer Smith,prestonrobert@example.net,e2538fffdf79ac3c6ad7a2bf48722683951b63e1329382bd9e69177c9d4dd280,USD
951,Jennifer Gomez,dhale@example.net,ffb109ce65f38c9c61056ac2c728ddc903000ac1aa0f6663c3d443b29bd83863,USD
952,Joshua Fletcher,perezbrian@example.org,ba19fe1c8323317ef47b1734e2e7c87601146772f8aaa62d7fd55c510a3d6d5a,USD
953,Paul Lane,jacksonhector@example.com,46a733cdaa8a50669ecc4737225d41ac23a52c1933f72b5fbca3b0ab55243b16,USD
954,Katelyn Hardin,jessicadelacruz@example.com,b0cf910720b10ba7e35bd03b18a0941cd99714dcb0444b19e306a6764f098d4e,USD
955,Carolyn Lyons,jessica24@example.net,f86889051f3d571957d363ed936beb40244cfce51eb32dcafd940ab5ed7976f6,USD
956,Brittany Gallegos,brandijohnson@example.com,5ebb90d3e56e97094c53f43706c4ca739f3c5c42a9d8f10a90217a7f93f29414,USD
957,Veronica Bond,timothy90@example.net,3692c10027ddd3c0268875e792261ed800b7510acc88d911106ef61b63b62cdc,USD
958,Samuel Johnson,wendymoore@example.net,64079b5b6bc96c4eaf43d1e4f32d203d909c91b7203b53ba608768fe4c60d781,USD
959,Gerald Mcdonald,hlane@example.com,23bfb6040eb4d6c3c95966baa022e11f528544166b68eeef5a565115647390c4,USD
960,Betty Sandoval,kevinzhang@example.org,5d4c5bd176a3b7dbb700522a35ec3d720177beedf88d7f52d574c6484b6ea0db,USD
961,Shannon Griffith,cflowers@example.com,aedbf0f023d3c0e9a6eb3cd197ee008c7bfa2b230ddc4843987452fd4cae2ee5,USD
962,James Robinson,smithcarol@example.org,5e797d20096f1f29babc7814ee2c75bec89f445c022348da0a70e5a533fcb93d,USD
963,Tony Thornton,joshualong@example.org,519c5499a1244b8b919a8e442b392fa925b94edbdd3de05f8df4ae7883a5259f,USD
964,Dustin Underwood,rrogers@example.org,efc3fe180224244afb0f11b2c4a6eb54f54ca6fbdc2b654e51dee98d1d80d189,USD
965,Holly Hancock,barbarawilson@example.com,2cca08f4ae2949063e12ffdb5ca70980eaaac99a35f918b6dabfa494a2527a1c,USD
966,Steven Smith,ryan13@example.com,0b8b729014a423ca19c85810764c0a71f0c2c8577c2279125feaeafc65e36b44,USD
967,Justin Montes,oosborne@example.net,32d14b4c2b42b50bb186faa44fa8419a58b7eea9fa2ab5ca14945e516dd8f409,USD
968,Adrian Martinez,dakota14@example.net,09eec3debbf1a7a8e6003d746d66e624d1c7ba4914f38f00c7653f08339ea0c4,USD
969,Jeremy Garrison,stuartmorgan@example.com,03136651f65cfc46ad456a2a5c6c182b62938568c70263cbdbd0bb83bf40ec0a,USD
970,James Lee,leahsmith@example.net,fd3d79c3a8686fbb8050e12a86ef46b99671d0c1596670e24802f50c8cf1163b,USD
971,Peter Haynes,milesanna@example.net,6941b7c47820d87f3f0c6bd7a8b653bba2fc21ae970199bae490cb9801e35777,USD
972,Michael Brown,herreraerin@example.org,bd3ff359ffa7eb87f2d8e6a518cb45bdafa81c86e2e0e0df3bd88a73b788add8,USD
973,Kristin Shields,xmorgan@example.net,6fedd00157dd50a0b91eeda65896ad53baf983a40556f9563bb89e0d24f96b5e,USD
974,Christine Simmons,gonzalezamy@example.net,5f1b530e3073ffa140821dec20e9bf5e6a988e5d5f11195c409311627a66cd9c,USD
975,Melissa Meyers,austinjoseph@example.org,9560453dd5f44cc93569038c8d1684411e7bf4e67e703d3945b62bdbfee04b58,USD
976,Craig Stewart,davischristina@example.com,ed33e397a150d974c40f46b5d99afd2c4fb80089b151781c73505484cb4709eb,USD
977,Patricia Moore,ureyes@example.net,d0b4b6219f361960bac43cfdb825d4e5b8be3d43f1ca44e47ebd1f434fd365d1,USD
978,Marilyn Jackson,hwarren@example.org,d91bc720cd46a4732fdd62a2ee9cab24a916a10c2b41ddc1d8f7a2d687db07e9,USD
979,William Mills,lcurtis@example.com,df3056e04b2ad81e5372f7ded558d0fcc1614ef3a5a0f2bbbbc032e4a3ee49de,USD
980,Ebony Crane,robertsbrian@example.org,0084f651a7d62ae79546b4e0205225370a0dd352083b4c0a18967afe782208be,USD
981,Christopher Ellis,gilmoreangela@example.com,269b398dba8d86dd5ef738000029480a0a831e3cf312e0e2b8c4ed9c34a24fb5,USD
982,Tyrone Ford,ocalhoun@example.com,b5c4a5a71ab59737e885ab997cb2319ce5002f99497827ca16bcf8b9194935a8,USD
983,Christopher Mathis,brownerica@example.org,14c3609798f3b880871329e58c05acee7dcf2954a9c7efa3a2b993ecae3e3a24,USD
984,Laurie Love,qsutton@example.org,3c933bc5e22cf955f1f10b5a9bb9b6e25f1bb04786a3eace707051ea5962c1d8,USD
985,Travis Olsen DDS,tthompson@example.org,1b4ac9fdbd54207f6b0f97f6097d844713a971c8a98dcdbcad52ad0dadd6ad10,USD
986,Adam Henderson,michellelambert@example.net,9667db8ac2996d4587ccfc9d2c361f31c2d77f86dc19e2ad2ac791a057023845,USD
987,Grant Perez,donald03@example.net,7175c0c36b80d297d8e39f20869887141c83b3af1d6dcdd919372e02887c9d35,USD
988,Kelly Reilly,kinglindsey@example.com,477b15e89c5fbdb80b2254e4304817483b833e94d66f0e11d7089425ef522a7d,USD
989,Deborah Stephens,ibaird@example.org,c1913fe3e4350ffdcfc7a8b2fbd166d662867f28cc3744029e997c4c561911d6,USD
990,Michael Mccormick,taylorstuart@example.org,0a54ad01454ede720590e52a24a1912fb4c1944635d99daa8c856208da095057,USD
991,Mark Hudson,itorres@example.org,41e800564e61c016678423c4e1d010ec390f46c087f8cd880e0a5c4b2ece2193,USD
992,Kelsey Hall,francis00@example.com,b5c6d5c58195d9cd3e7f3b985a4d23bba43ca5ea0e33c637aafa7f295975a9ed,USD
993,Donald Romero,alecbean@example.net,1e3ca303b3531fbc33503e4aae972d14d48b1a793f60e06a566f11b2be60688d,USD
994,Kimberly Ponce,yesenia50@example.net,80ba6081aadaf15613685131304e32d75ea2c8b708886778770d4559f567d2e2,USD
995,Sandra Smith,piercegeorge@example.net,7b272128249ef00b66e4c5645ffc00cb1c1ed06bb6729766e36122be4cfdd925,USD
996,Patrick Holden,todd94@example.net,068ac0593683cd016da7d334d9791b26b2f89a95f81fdf64fe896555e512920f,USD
997,Calvin Yang,jessica38@example.net,9babcfad28e3ca24408ab5a7440f2723fd67eabc77306b9c9a608842032492f7,USD
998,Keith Jones,wmiller@example.com,8c40dcaaa19e8b02360e8da4ded654010ae6c8804eac5b313b04a5a9588f98a1,USD
999,Kayla Gordon,micheal73@example.org,3758c5f2c2969fc3ea03cd7924473fda8cfaa8a5f18648d09b01028ef2999303,USD
1000,Robert Silva,gpennington@example.org,ebca0eabc8f9dd7c2f097bb1939b7fbcfbb6be7a5d160b209146a34ff821b9d8,USD
1001,Megan Jones,josephreynolds@example.org,e6769d7634e9d532c91858f3e2597966ee5b46765d77527d6185e7879f90ba78,USD
1002,Erik Calhoun,lauren82@example.org,501af3a4260d61790ead3ef75f7396f57cc620cd5a724a71e073df24afc6e02f,USD
1003,Gabrielle Garcia,barbarahinton@example.net,ce3b9821a42615fb488dae714b0d4aae96743c68c28c5561b9123cebb73bb0d9,USD
1004,Eugene Camacho,joshua62@example.net,72f0ee459d4bb3cfc04a5c2a0e1df31c46e3e8f132b983bde4621c29e0da91a9,USD
1005,Danielle Moss,schultzjessica@example.com,6ee58d3a30c5de40390de000d0f94ee7a370df45a6c13aaf7962a0523f78525f,USD
1006,Kayla Garza,carrie68@example.org,341fae42884cd288763b9bd5ca39483f28dd137b21c2e899b0bbfd3a712b70c7,USD
1007,Corey Higgins,smithtammy@example.org,c8da3296423101ae2b7a7474ff6d1277609ecc44923105086edf890a51dc75cc,USD
1008,Erica Cabrera,sean16@example.net,88921b97f87a2ac400d95da6af3a1bf72240be57f898ab13952a89a8f6ca5ac0,USD
1009,Jonathan Dunn,halekathleen@example.org,a8cbbbab333bd5f13fb0ab358a7bcdd38e087d380330d5310baf23cff7ae21e5,USD
1010,Samantha Stark,derek18@example.com,f6582c611f6835d78a37ec523b7ab385ab405ea52e502546ec8b6bffadd2d454,USD
1011,Pamela Gonzales,gharris@example.net,23718cc24d78c02ef6c729dd1dd15fc79d133cb8507e0ec0c77f6528b4876ba9,USD
1012,Brooke Cobb,andrew81@example.org,6f869411fdd013ecd886ad83bfccf764138e1863546c37f9262966911aae9249,USD
1013,Michelle Miller,jerry32@example.com,74ecd00cac08f8ef37acc768a36d4a35658108a281752328e85eef1d55b641a9,USD
1014,Jacqueline Riley,stevenroberson@example.net,82bced9d9a16a6a751a34f4643d75b2fe0f44ad8e2b7d81ad45ff7176af4aaa6,USD
1015,Jessica Winters,ihughes@example.net,709968a2414b797d7d9024ea4446cb34e9a10d1eecaecd048de806d192f83444,USD
1016,Barbara Hartman MD,pamela41@example.org,7158f579e70630c31d8dea8baf28d263a1fb913f71fbccc262769634578b881e,USD
1017,Joshua Skinner,davissara@example.org,0e2e60d897c20356bfe5ee09a3de2ae6fbb5358fd6e2530a237ce62997a8c09b,USD
1018,Todd Douglas,john22@example.org,c3359ba71ac2d875f3f6f0a63a04e8a27857367bb41a288f1028f1866180e0b5,USD
1019,Samantha Shah,williamscrystal@example.org,08415f799264ded1e81085e5f9a0c4ce19da69d610beeac1d8b422ad539bb192,USD
1020,Elizabeth Suarez,padillajeanne@example.org,9d7ada42e2310834e215efe928b99964f5de8bfbcc4f0b162d91faa7ed671548,USD
1021,Andrew Becker,michaelcurtis@example.com,21eceef29c3536a88bd09aa33721365d6f32aaccf6feb77a2f12f14e6b9e8dc2,USD
1022,Todd Young,shannonbrown@example.org,edb26bdd4bcc3596a71fd0f25e4f999e256b4558b4087487744c0fb774eaf98c,USD
1023,Cody Strong,crivera@example.com,cfde0001e76fe43e924021105718a63596e81fe0c9a228a8d89b0a2a197143b4,USD
1024,Christopher Alvarado,beth71@example.org,157707e32322819f7134e0815bb2eeaa92a58a24ebb29e2998e2f786408c5ef8,USD
1025,Andrew Hayes,pwilliams@example.com,2faee5529aca2818190bf2bdd5fefa74cc5788e13aaa38a72b86ee89a4fb7e25,USD
1026,James Avila,lisaallen@example.com,9e8c9820faa0e08b5760457a1ebdaf4776a01116df08c2ddc1bda1efda2f1303,USD
1027,Jessica Clark,danielskinner@example.com,f5b0849854cf2489defc06038b18007dd455ab819fb4756bc3b216c6592a25aa,USD
1028,David Day,vcox@example.net,14c7fea0eb7f8778accc0d53f379b9923e51576ecad69a79f16310ad5cafb1b3,USD
1029,Anthony Rojas,fproctor@example.org,c206d097592c0d68ab25c5f673566497ec29db9be391ef32f4ecab0f09911ebb,USD
1030,Robin Rivera,bjoseph@example.com,b13d947b66a348bb21d84592f9586faab2a461c8a6c3971f39e15412b930c048,USD
1031,Ryan Davis,dmoon@example.org,766f823995cd00cc837ae164c3c14a20211ac69b429b0adc6e926d656d71e753,USD
1032,Tony Castro,maria05@example.com,3214f822224b0b628bfeaa0f5db2e5941b11cd58897259f00238819b147dc890,USD
1033,John Hunt,daniel19@example.net,11a98d269a174e8ac880f7cc66e0ff296580965ed1080cb1abd1d11a502926d8,USD
1034,Elizabeth Boyle,guzmanstephen@example.net,c8d6a636698c5f933acfef990cfe60af6f157868bdbe5bb8fd8be858d4bf8410,USD
1035,Matthew Conley,jameslisa@example.com,6ac471140d791350d91d3eb52c9c55f7c8eb8e628c884d246749bde01b24a8ee,USD
1036,Lori White,robert34@example.com,a3d3b43eac4a534e25f21cd9a9a1b8a86b0e10f384d30b39d5d22082d9120702,USD
1037,Taylor Newton,rharmon@example.net,c0fcd5b11c09d71d36b74560b091dbf9cac9840eb2c78f9dae465621f797307d,USD
1038,Donna Anderson,watkinsrandall@example.org,1a6f75926cc76fd8c55a493e3c238c66439c69f298634cd6e53452f4ddc18aba,USD
1039,Ashley Alexander,nthomas@example.org,6f50c2343336459312babd17b0b73d5e359f1a878f46afd4ae8d96d1f3d91ea2,USD
1040,Todd Patel,joshua35@example.org,09a866d4b61e173e7204765026970ea7600d83bb0437195436bcd175e0e3c589,USD
1041,Lucas Cardenas,catherine55@example.org,df6dbfcc3a6db8127055a12672204d615cef43f6449c61fbf32dd9f0d0dad28a,USD
1042,Caitlin Michael,turnerpaul@example.com,4b5457e9c38ede43377ba2f567fc74b189f4919ff144b02d31bcbc77b1c56e18,USD
1043,William Ramsey,teresawalker@example.org,6fb7fabc1d67f0914b7e2b7bd9aa27d38c02973e06b385ca89984c72c6a4a1e1,USD
1044,James Smith,zanderson@example.net,5f7fcf873065c97f5d98d4cd473c35549e2ed0fd48e356a12d2a46fde14ef5de,USD
1045,Ernest Torres,roger86@example.net,2dc4dd70ec2fe08f6c5c84cbf98286f79a74d93419abf54d6b6f7a2d815c1185,USD
1046,Leslie Snyder DDS,oschwartz@example.com,4a0a5584e45ab7997e38f7fec1d2f4558bd364c493c44e4aff7b8d46e720539d,USD
1047,Allison Washington,rickey43@example.com,2434e7662bfd4463d511cee31e68f0c6f8b7b9bc47b8420a3cca43db0ade9f7f,USD
1048,Teresa Moore,ghuynh@example.com,cc995482ae5cee1381c994f1def38290c23aa4aebeb923ac70c8144103167c10,USD
1049,James Shannon,gregoryrussell@example.com,aeb9fc860ed881d5be7cd09ae329b34ca6da41ae3b8a90d02988f5cf9a92a689,USD
1050,Tracy Moore,anitahenderson@example.com,803dbb0eaeeca7517421c88e99df4dab457e6c28ab15782d997aa68d08e33eb6,USD
1051,Amanda Olsen,robertsariana@example.net,6b403aeab5e3ac9a9dbac7c1a91df3734ae48f8ee753d1ef3ce205f3082f2757,USD
1052,Christina Myers,michael73@example.com,b86d3693036abe984fa7da8bfdf475fc2474efe1e9f1d824a89c949757ec70a3,USD
1053,Sarah Bishop,michaelsimon@example.net,722bcbf9f92492319c0af6ceb103b984839f88efc327b309f792d0f8e55b82cb,USD
1054,Heather Copeland,sabrinaspencer@example.net,b023a36a0efbca43bc167cb233db773a33a6bec381fa183cb9fe0f0174c67966,USD
1055,Amanda Pope,shawsean@example.net,5f29336e091659b5283c32f778e454293ba6013e0d0253a35116a7b7ea5954de,USD
1056,Sara Elliott,craigcole@example.org,dfe55ed8bac03746b9b40a0409e64a2d4ad50b0c6ae641e0e2e725565eeeb508,USD
1057,Christian Kelly,underwoodlisa@example.org,ae5c05b8b39f0bd4fcbf13f69d082e751ead5e9f035f02b5208b37000231a11b,USD
1058,Latoya Jones,james31@example.net,02cd45d0099a1201484d55ce1612f1f9553bf1a128aee2f3994e4d75d36a9040,USD
1059,Heather Rodriguez,brett88@example.org,75a45e0c355cbba27b8d35918e45a286bc7e59718b30b40424fa8ddd10e21f75,USD
1060,Brenda Scott,ginamarshall@example.com,14332ee2378bed7f85ee81615a61fc851346bad3b6f689bfe4857bbd440f677e,USD
1061,Richard Cooper,timothyflores@example.net,bd4d17bc7a57b7b5d1f903ee97045a8fc9e089f9ce52ad9b70294c2468b50e2b,USD
1062,Wendy Newman,william51@example.com,f13d084868b17d4cd9343553952662d99323c65f5dfe197612f7f420d486bceb,USD
1063,Kelly Moody,qhogan@example.org,4cff6f9c43db96408d2160a4ff12b3f0f96036490b2b4c259ee702b70ce4ba0a,USD
1064,Laura Zamora,wmorris@example.com,d180bcda8c1c0a41837a436ffab2b312ac2258e2d97afd4b961777cf207b6617,USD
1065,Ryan Reyes,scott43@example.org,ad620d28b03d0f7cdaa4d946d75e8f41ec8f1c4f7278f8b31c5493ea1892bdad,USD
1066,Jennifer Thompson,phoward@example.net,6549046207afb985db0a9d526a663509885d31424a4c8baf49c4eaa558405afe,USD
1067,Alexandra Stone,theresa08@example.org,8942e78271e5b23b9c51e8a959878f3c4dd00aea76c8b402ffc0bded1f4316d2,USD
1068,Roger Franklin,michael53@example.com,26beae22536dbe06a09486ff59f2a261cdfa3aa76eda7764bd98f0533062d710,USD
1069,Ashley Mccarthy,hbarnes@example.com,f8dd1850e3ba984393efedb26966efc0605f9df27f46aa836d93a5f2432af8c8,USD
1070,Kimberly Smith,jefferylambert@example.org,6cbaa3d104db3234441955b0f7349db1d2b84fbdc1a5edaeeb867f98746329e1,USD
1071,Rebecca Cruz,pmurphy@example.org,d8f6ae9bf8c5b3574c1cf5c0e674b8d40e16f7d4e2008729231e5e4226691fd5,USD
1072,Tracy Williams,dicksontrevor@example.com,83f6dd1b7872cdcf772edd22b3ef9f10723149504f2a03ee197bf0f0f09d70ad,USD
1073,Karen Moore,shannonschneider@example.com,518d6ce4526ca2cf1024374f4a7b89563746531cb18f3efd3801cb7ef7674387,USD
1074,Daniel Martin,andreaowens@example.com,54fe7a1e19d11c47952006191397d05509c85a68c3bea8f0da4d87e5e0445123,USD
1075,Matthew Turner,walterclark@example.org,9bdd6a49ff584298239d57c936240abf721405d5f34294589e8012b78453f263,USD
1076,Jacqueline King,jlopez@example.net,9979a698cb1df408e40d6dde7b963fe7ee7de024145deb1793ae27df3379458f,USD
